1234	XX	0	1234N	1234N_M1	testdata/manta/normal/C097F_N_111207.1.AGTTGCTT_R1_xxx.fastq.gz	testdata/manta/normal/C097F_N_111207.1.AGTTGCTT_R2_xxx.fastq.gz
1234	XX	0	1234N	1234N_M2	testdata/manta/normal/C097F_N_111207.2.AGTTGCTT_R1_xxx.fastq.gz	testdata/manta/normal/C097F_N_111207.2.AGTTGCTT_R2_xxx.fastq.gz
1234	XX	0	1234N	1234N_M4	testdata/manta/normal/C09DF_N_111207.4.AGTTGCTT_R1_xxx.fastq.gz	testdata/manta/normal/C09DF_N_111207.4.AGTTGCTT_R2_xxx.fastq.gz
1234	XX	0	1234N	1234N_M5	testdata/manta/normal/D0F23_N_111212.1.AGTTGCTT_R1_xxx.fastq.gz	testdata/manta/normal/D0F23_N_111212.1.AGTTGCTT_R2_xxx.fastq.gz
1234	XX	0	1234N	1234N_M6	testdata/manta/normal/D0F23_N_111212.2.AGTTGCTT_R1_xxx.fastq.gz	testdata/manta/normal/D0F23_N_111212.2.AGTTGCTT_R2_xxx.fastq.gz
1234	XX	0	1234N	1234N_M7	testdata/manta/normal/D0F23_N_111212.3.AGTTGCTT_R1_xxx.fastq.gz	testdata/manta/normal/D0F23_N_111212.3.AGTTGCTT_R2_xxx.fastq.gz
