group,replicate,fastq_1,fastq_2
GM12878_STD,1,s3://nf-core-awsmegatests/atacseq/input_data/SRX2717909_T1_1.fastq.gz,s3://nf-core-awsmegatests/atacseq/input_data/SRX2717909_T1_2.fastq.gz
GM12878_STD,2,s3://nf-core-awsmegatests/atacseq/input_data/SRX2717910_T1_1.fastq.gz,s3://nf-core-awsmegatests/atacseq/input_data/SRX2717910_T1_2.fastq.gz
GM12878_OMNI,1,s3://nf-core-awsmegatests/atacseq/input_data/SRX2717911_T1_1.fastq.gz,s3://nf-core-awsmegatests/atacseq/input_data/SRX2717911_T1_2.fastq.gz
GM12878_OMNI,2,s3://nf-core-awsmegatests/atacseq/input_data/SRX2717912_T1_1.fastq.gz,s3://nf-core-awsmegatests/atacseq/input_data/SRX2717912_T1_2.fastq.gz
GM12878_FAST,1,s3://nf-core-awsmegatests/atacseq/input_data/SRX2717913_T1_1.fastq.gz,s3://nf-core-awsmegatests/atacseq/input_data/SRX2717913_T1_2.fastq.gz
GM12878_FAST,2,s3://nf-core-awsmegatests/atacseq/input_data/SRX2717914_T1_1.fastq.gz,s3://nf-core-awsmegatests/atacseq/input_data/SRX2717914_T1_2.fastq.gz
